Spaceship_Model,Lightyears_Traveled,Type_of_Propulsion,Spacecraft_Maintenance_Contract,Crew_Capacity,Energy_Source,Registration_Code,Galactic_Credits,Downpayment_20_Percent,Downpayment_20_Percent_24_Months,Features_Description,Current_Damages,Modifications,Enchancements,Overheating,Core_Reactor_Anomalies,Power_Cell_Replacement,Viewports_Front_Left,Viewports_Front_Right,Viewports_Rear_Left,Viewports_Rear_Right,Transparent_Armor_Windshield,Transparent_Armor_Backshield,Side_Visual_Enhancer_Lens,Navigation_Lights_Front_Left,Navigation_Lights_Front_Right,Navigation_Lights_Rear_Left,Navigation_Lights_Rear_Right,Atmospheric_Scanner_Lamps,Deceleration_Indicators,Plasma_Thruster_Front_Left_Lifespan,Plasma_Thruster_Front_Right_Lifespan,Plasma_Thruster_Rear_Left_Lifespan,Plasma_Thruster_Rear_Right_Lifespan,Backup_Thruster_Lifespan,Backup_Thruster_Condition,Hatch_Controls_Front_Left,Hatch_Controls_Front_Right,Hatch_Controls_Rear_Left,Hatch_Controls_Rear_Right,Cargo_Bay_Hatch_Controls,Interior_Fabric_Condition,Control_Panel_Condition,Control_Panel_Lights,Audio_System_Condition,Speaker_Condition,Energy_Port_Condition,Climate_Control_Efficiency,Ventilation_System_Strength,Drive_and_Engine_Condition_Hard_Start,Propulsion_Shift_Delay,Unusual_Spacecraft_Sounds,Source_of_Unusual_Sounds,Maneuverability,Shield_Response_Time,Hull_Integrity,Plasma_Leak,Coolant_Level,Brake_Fluid_Level,Plasma_Color,Plasma_Flux_Viscosity
Nebula Voyager,10.6K Lightyears,Warp Drive,Interstellar Maintenance Agreement,7 Crew Members,Antimatter,SPC-XXXX4,"CR890,000 Credits","₱259,880.00","₱40,524.67","Toyota Rush 1.5 G
Automatic
7-8 seaters
Low mileage",No Damage,No Damage,No Damage,Worn Out,No Damage,No Damage,Operational,Worn Out,No Damage,No Damage,No Damage,No Damage,No Damage,Malfunctioning,No Damage,No Damage,No Damage,No Damage,No Damage,80%,80%,80%,80%,Without,,Good,Good,Good,Good,Good,Leather,Digital,Good,Functional/Original,Functional/Original,Good,Good,Good,No,No,No,,Standard Maneuverability,Standard Shield Response,Intact,No Leak,Maximum,Maximum,Yellow,Thin
Quantum Falcon,35.1K Lightyears,Warp Drive,Interstellar Maintenance Agreement,5 Crew Members,Antimatter,SPC-XXXX7,"CR720,000 Credits","₱210,240.00","₱32,784.00",,No Damage,No Damage,No Damage,No Damage,No Damage,Heavy Damage,Leaking,No Damage,No Damage,No Damage,Minor Cracks,No Damage,Operational,Flickering,No Damage,Minor Cracks,Deteriorated,No Damage,Leaking,80%,80%,80%,80%,Without,,Good,Good,Good,Good,Good,Leather,Digital,Good,Functional/Original,Functional/Original,Good,Fair,Fair,No,No,No,,Standard Maneuverability,Standard Shield Response,Intact,No Leak,Maximum,Maximum,Yellow,Thin
Starblade,43.3K Lightyears,Warp Drive,Interstellar Maintenance Agreement,5 Crew Members,Antimatter,SPC-XXXX1,"CR900,000 Credits","₱262,800.00","₱40,980.00","Negotiable
5 Seater Car
Well-Maintained
Good Mileage
No Major Engine Repair
No Major Body Repair
OR / CR Included
None Pending Apprehension",No Damage,No Damage,No Damage,No Damage,No Damage,No Damage,No Damage,No Damage,No Damage,No Damage,No Damage,No Damage,Leaking,Malfunctioning,No Damage,No Damage,No Damage,No Damage,No Damage,90-100%,90-100%,90-100%,90-100%,With,80%,Good,Good,Good,Good,Good,Leather,Digital,Good,Functional/Original,Functional/Original,Good,Excellent,Excellent,No,No,No,,Advanced Maneuverability,Advanced Shield Response,Intact,No Leak,Maximum,Maximum,Yellow,Thin
Cosmic Raptor,90K Lightyears,Warp Drive,Interstellar Maintenance Agreement,7 Crew Members,Dark Matter,SPC-XXXX2,"CR788,000 Credits","₱230,096.00","₱35,880.27",2013 TOYOTA FORTUNER #2050152,No Damage,No Damage,Replacement Needed,No Damage,Worn Out,Leaking,No Damage,No Damage,No Damage,No Damage,No Damage,Partial Failure,No Damage,Heavy Damage,No Damage,Partial Failure,No Damage,Functional,No Damage,80%,80%,80%,80%,With,80%,Good,Good,Good,Good,Good,Leather,Digital,Good,Functional/Original,Functional/Original,Good,Good,Good,No,No,No,,Standard Maneuverability,Standard Shield Response,Intact,No Leak,Maximum,Maximum,Yellow,Thin
Eclipse Runner,100K Lightyears,Warp Drive,Interstellar Maintenance Agreement,5 Crew Members,Antimatter,SPC-XXXX6,"CR230,000 Credits","₱67,160.00","₱10,472.67","2010 HONDA CITY							
#NQW556",No Damage,No Damage,Functional,No Damage,No Damage,No Damage,No Damage,No Damage,Functional,No Damage,No Damage,No Damage,No Damage,No Damage,No Damage,No Damage,No Damage,Functional,No Damage,80%,80%,80%,80%,With,80%,Good,Good,Good,Good,Good,Leather,Digital,Good,Functional/Original,Functional/Original,Good,Good,Good,No,No,No,,Standard Maneuverability,Standard Shield Response,Intact,No Leak,Maximum,Maximum,Yellow,Thin
Orion Striker,100K Lightyears,Warp Drive,Interstellar Maintenance Agreement,5 Crew Members,Antimatter,SPC-XXXX1,"CR440,000 Credits","₱128,480.00","₱20,034.67",2019 Toyota Wigo G Automatic,No Damage,No Damage,No Damage,No Damage,No Damage,Heavy Damage,Worn Out,No Damage,No Damage,Heavy Damage,Partial Failure,No Damage,No Damage,Heavy Damage,No Damage,Fractured,No Damage,No Damage,No Damage,80%,80%,80%,80%,With,80%,Good,Good,Good,Good,Good,Leather,Digital,Good,Functional/Original,Functional/Original,Good,Good,Good,No,No,No,,Standard Maneuverability,Standard Shield Response,Intact,No Leak,Maximum,Maximum,Yellow,Thin
Galactic Nomad,100K Lightyears,Warp Drive,Interstellar Maintenance Agreement,7 Crew Members,Dark Matter,SPC-XXXX4,"CR850,000 Credits","₱248,200.00","₱38,703.33","2018 Toyota Innova E Diesel Automatic
7 seaters",Functional,No Damage,Functional,No Damage,Minor Cracks,Overheating,No Damage,No Damage,Flickering,Flickering,No Damage,No Damage,Leaking,No Damage,Fractured,Fractured,No Damage,No Damage,Overheating,50%,50%,50%,50%,With,50%,Good,Good,Good,Good,Good,Leather,Digital,Good,Functional/Original,Functional/Original,Good,Good,Good,No,No,No,,Standard Maneuverability,Standard Shield Response,Intact,No Leak,Maximum,Maximum,Yellow,Thin
Lunar Phantom,100K Lightyears,Warp Drive,Interstellar Maintenance Agreement,7 Crew Members,Dark Matter,SPC-XXXX1,"CR840,000 Credits","₱245,280.00","₱38,248.00","2018 Toyota Innova E Diesel Automatic
7 Seaters",Leaking,No Damage,No Damage,Operational,No Damage,No Damage,Partial Failure,No Damage,No Damage,No Damage,No Damage,Overheating,No Damage,Leaking,No Damage,No Damage,No Damage,No Damage,No Damage,50%,50%,50%,50%,With,50%,Good,Good,Good,Good,Good,Leather,Digital,Good,Functional/Original,Functional/Original,Good,Good,Good,No,No,No,,Standard Maneuverability,Standard Shield Response,Intact,No Leak,Maximum,Maximum,Yellow,Thin
Astro Serpent,100K Lightyears,Warp Drive,Interstellar Maintenance Agreement,0 Crew Members,Dark Matter,SPC-XXXX7,"CR940,000 Credits","₱274,480.00","₱42,801.33",2019 Nissan Terra Automatic,No Damage,No Damage,No Damage,No Damage,No Damage,No Damage,No Damage,Minor Cracks,Flickering,Fractured,No Damage,No Damage,No Damage,Functional,No Damage,Replacement Needed,No Damage,Malfunctioning,No Damage,50%,50%,50%,50%,With,50%,Good,Good,Good,Good,Good,Leather,Digital,Good,Functional/Original,Functional/Original,Good,Good,Good,No,No,No,,Standard Maneuverability,Standard Shield Response,Intact,No Leak,Maximum,Maximum,Yellow,Thin
Celestial Wanderer,70K Lightyears,Warp Drive,Interstellar Maintenance Agreement,5 Crew Members,Antimatter,SPC-XXXX9,"CR440,000 Credits","₱128,480.00","₱20,034.67",2016 Toyota Wigo A/T,No Damage,No Damage,Heavy Damage,No Damage,No Damage,Fractured,Malfunctioning,No Damage,No Damage,No Damage,No Damage,No Damage,No Damage,No Damage,No Damage,No Damage,Partial Failure,No Damage,Leaking,80%,80%,80%,80%,With,80%,Good,Good,Good,Good,Good,Leather,Digital,Good,Functional/Original,Functional/Original,Good,Good,Good,No,No,No,,Standard Maneuverability,Standard Shield Response,Intact,No Leak,Maximum,Maximum,Yellow,Thin
Stellar Horizon,60K Lightyears,Warp Drive,Interstellar Maintenance Agreement,5 Crew Members,Antimatter,SPC-XXXX7,"CR1,090,000 Credits","₱318,280.00","₱49,631.33",2019 Mazda CX5 A/T,No Damage,No Damage,No Damage,No Damage,No Damage,Flickering,No Damage,Heavy Damage,No Damage,Minor Cracks,No Damage,No Damage,Partial Failure,No Damage,No Damage,No Damage,No Damage,No Damage,No Damage,80%,80%,80%,80%,With,80%,Good,Good,Good,Good,Good,Leather,Digital,Good,Functional/Original,Functional/Original,Good,Good,Good,No,No,No,,Standard Maneuverability,Standard Shield Response,Intact,No Leak,Maximum,Maximum,Yellow,Thin
Meteorite Fury,100K Lightyears,Warp Drive,Interstellar Maintenance Agreement,8 Crew Members,Antimatter,SPC-XXXX5,"CR1,090,000 Credits","₱318,280.00","₱49,631.33",2018 Toyota Fortuner G A/T,No Damage,No Damage,Malfunctioning,No Damage,Leaking,Functional,No Damage,Overheating,No Damage,No Damage,No Damage,No Damage,Functional,No Damage,No Damage,No Damage,No Damage,No Damage,Partial Failure,80%,80%,80%,80%,With,80%,Good,Good,Good,Good,Good,Leather,Digital,Good,Functional/Original,Functional/Original,Good,Good,Good,No,No,No,,Standard Maneuverability,Standard Shield Response,Intact,No Leak,Maximum,Maximum,Yellow,Thin
Solar Wind,60K Lightyears,Warp Drive,Interstellar Maintenance Agreement,8 Crew Members,Dark Matter,SPC-XXXX9,"CR1,090,000 Credits","₱318,280.00","₱49,631.33",2017 Toyota Fortuner G DSL A/T,Overheating,No Damage,No Damage,No Damage,No Damage,No Damage,Functional,No Damage,No Damage,No Damage,No Damage,No Damage,No Damage,No Damage,No Damage,No Damage,No Damage,Fractured,No Damage,80%,80%,80%,80%,With,80%,Good,Good,Good,Good,Good,Leather,Digital,Good,Functional/Original,Functional/Original,Good,Good,Good,No,No,No,,Standard Maneuverability,Standard Shield Response,Intact,No Leak,Maximum,Maximum,Yellow,Thin
Phoenix Wing,100K Lightyears,Warp Drive,Interstellar Maintenance Agreement,8 Crew Members,Dark Matter,SPC-XXXX0,"CR1,090,000 Credits","₱318,280.00","₱49,631.33",2018 Honda CRV V DSL A/T,No Damage,Heavy Damage,No Damage,No Damage,No Damage,No Damage,No Damage,No Damage,Worn Out,Leaking,Flickering,No Damage,No Damage,No Damage,No Damage,Functional,No Damage,Malfunctioning,Replacement Needed,80%,80%,80%,80%,With,80%,Good,Good,Good,Good,Good,Leather,Digital,Good,Functional/Original,Functional/Original,Good,Good,Good,No,No,No,,Standard Maneuverability,Standard Shield Response,Intact,No Leak,Maximum,Maximum,Yellow,Thin
Nebula Phantom,100K Lightyears,Warp Drive,Interstellar Maintenance Agreement,8 Crew Members,Antimatter,SPC-XXXX3,"CR440,000 Credits","₱128,480.00","₱20,034.67",2014 Nissan Grand Livina AT,Malfunctioning,No Damage,No Damage,No Damage,No Damage,No Damage,No Damage,Partial Failure,No Damage,No Damage,No Damage,No Damage,No Damage,No Damage,No Damage,No Damage,Leaking,No Damage,No Damage,80%,80%,80%,80%,With,80%,Good,Good,Good,Good,Good,Leather,Digital,Good,Functional/Original,Functional/Original,Good,Good,Good,No,No,No,,Standard Maneuverability,Standard Shield Response,Intact,No Leak,Maximum,Maximum,Yellow,Thin
Comet Blazer,70K Lightyears,Quantum Thrusters,Interstellar Maintenance Agreement,8 Crew Members,Antimatter,SPC-XXXX4,"CR690,000 Credits","₱201,480.00","₱31,418.00",2017 Toyota Innova Manual,No Damage,No Damage,No Damage,No Damage,No Damage,No Damage,No Damage,No Damage,Functional,No Damage,No Damage,Flickering,Malfunctioning,No Damage,No Damage,Fractured,Operational,No Damage,No Damage,90-100%,90-100%,90-100%,90-100%,With,90-100%,Good,Good,Good,Good,Good,Leather,Digital,Good,Functional/Original,Functional/Original,Good,Good,Good,No,No,No,,Standard Maneuverability,Standard Shield Response,Intact,No Leak,Maximum,Maximum,Yellow,Thin
Vortex Charger,71K Lightyears,Warp Drive,Interstellar Maintenance Agreement,5 Crew Members,Antimatter,SPC-XXXX3,"CR890,000 Credits","₱259,880.00","₱40,524.67",,No Damage,Heavy Damage,No Damage,No Damage,Worn Out,No Damage,Fractured,No Damage,Operational,Replacement Needed,No Damage,No Damage,No Damage,No Damage,No Damage,Operational,No Damage,No Damage,Deteriorated,90-100%,90-100%,90-100%,90-100%,Without,,Good,Good,Good,Good,Good,Leather,Digital,Good,Functional/Original,Functional/Original,Good,Fair,Fair,No,No,No,,Standard Maneuverability,Standard Shield Response,Intact,No Leak,Maximum,Maximum,Yellow,Thin
Nebula Serpent,91K Lightyears,Warp Drive,Interstellar Maintenance Agreement,5 Crew Members,Antimatter,SPC-XXXX2,"CR410,000 Credits","₱119,720.00","₱18,668.67","Negotiable
5 Seater Car
Well-Maintained
Good Mileage
No Major Engine Repair
No Major Body Repair
OR / CR Included
None Pending Apprehension",No Damage,No Damage,No Damage,Overheating,No Damage,No Damage,No Damage,No Damage,No Damage,Worn Out,No Damage,No Damage,No Damage,Minor Cracks,No Damage,Minor Cracks,No Damage,No Damage,No Damage,90-100%,90-100%,90-100%,90-100%,With,80%,Good,Good,Good,Good,Good,Leather,Digital,Good,Functional/Original,Functional/Original,Good,Excellent,Excellent,No,No,No,,Advanced Maneuverability,Advanced Shield Response,Intact,No Leak,Maximum,Maximum,Yellow,Thin
Aurora Racer,149.6K Lightyears,Warp Drive,Interstellar Maintenance Agreement,5 Crew Members,Dark Matter,SPC-XXXX6,"CR845,000 Credits","₱246,740.00","₱38,475.67","Negotiable
5 Seater Car
First Owner
Well-Maintained
Good Mileage
No Major Engine Repair
No Major Body Repair
OR / CR Included
None Pending Apprehension",No Damage,No Damage,No Damage,No Damage,Heavy Damage,No Damage,No Damage,Minor Cracks,No Damage,Flickering,No Damage,Overheating,Flickering,No Damage,No Damage,No Damage,No Damage,No Damage,No Damage,50%,50%,50%,50%,With,50%,Good,Good,Good,Good,Good,Fabric,Rotary,Good,Functional/Original,Functional/Original,Good,Very Good,Very Good,No,No,No,,Standard Maneuverability,Standard Shield Response,Intact,No Leak,Maximum,Maximum,Yellow,Thin
Galactic Avenger,92K Lightyears,Quantum Thrusters,Interstellar Maintenance Agreement,7 Crew Members,Antimatter,SPC-XXXX5,"CR490,000 Credits","₱143,080.00","₱22,311.33","Family Car
First Owner
Well-Maintained
Good Mileage
No Major Engine Repair
No Major Body Repair
OR / CR Included
None Pending Apprehension",No Damage,No Damage,No Damage,No Damage,No Damage,No Damage,No Damage,Heavy Damage,Malfunctioning,Overheating,No Damage,No Damage,No Damage,No Damage,Heavy Damage,Worn Out,Malfunctioning,Partial Failure,No Damage,,,,,,,,,,,,,,,,,,,,No,No,No,,,,Intact,No Leak,,,,
Lunar Explorer,23K Lightyears,Quantum Thrusters,Interstellar Maintenance Agreement,20 Crew Members,Dark Matter,SPC-XXXX1,"CR1,390,000 Credits","₱405,880.00","₱63,291.33","Negotiable
Family Car
First Owner
Well-Maintained
Good Mileage
No Major Engine Repair
No Major Body Repair
OR / CR Included
None Pending Apprehension",No Damage,No Damage,No Damage,No Damage,Leaking,No Damage,No Damage,No Damage,No Damage,Functional,No Damage,No Damage,No Damage,No Damage,No Damage,Overheating,No Damage,No Damage,No Damage,80%,80%,80%,80%,With,80%,Good,Good,Good,Good,Good,Fabric,Rotary,Good,Functional/Original,Functional/Original,Good,Good,Good,No,No,No,,Standard Maneuverability,Standard Shield Response,Intact,No Leak,Above Minimum,Above Minimum,Amber,Thin
Stellar Glider,80.9K Lightyears,Warp Drive,Interstellar Maintenance Agreement,5 Crew Members,Antimatter,SPC-XXXX8,"CR490,000 Credits","₱143,080.00","₱22,311.33","Negotiable
5-Seater Car
First Owner
Well-Maintained
Good Mileage
No Major Engine Repair
No Major Body Repair",No Damage,No Damage,Leaking,No Damage,No Damage,No Damage,No Damage,Partial Failure,No Damage,Heavy Damage,Malfunctioning,No Damage,No Damage,No Damage,Functional,Fractured,No Damage,No Damage,No Damage,80%,80%,80%,80%,Without,0-29%,Good,Good,Good,Good,Good,Fabric,Rotary,Good,Functional/Original,Functional/Original,Good,Good,Good,No,No,Yes,,Standard Maneuverability,Standard Shield Response,Intact,No Leak,Above Minimum,Above Minimum,Yellow,Thin
Meteorite Shadow,78.1K Lightyears,Warp Drive,Interstellar Maintenance Agreement,5 Crew Members,Antimatter,SPC-XXXX7,"CR400,000 Credits",,,"Negotiable
5-Seater Car
Well-Maintained
Good Mileage
No Major Engine Repair
No Major Body Repair
OR / CR Included
None Pending Apprehension",No Damage,No Damage,Flickering,Partial Failure,No Damage,No Damage,Heavy Damage,Deteriorated,Deteriorated,No Damage,Worn Out,No Damage,Replacement Needed,Leaking,No Damage,No Damage,No Damage,No Damage,No Damage,80%,80%,80%,80%,With,80%,Good,Good,Good,Good,Good,Leather,Rotary,Good,Functional/Original,Functional/Original,Good,Poor,Poor,No,No,No,,Standard Maneuverability,Standard Shield Response,Intact,No Leak,Above Minimum,Above Minimum,Dark Brown,Thick
Cosmic Stalker,96.9K Lightyears,Warp Drive,Interstellar Maintenance Agreement,5 Crew Members,Antimatter,SPC-XXXX3,"CR385,000 Credits","₱112,420.00","₱17,530.33","Negotiable
5-Seater Car
First Owner
Well-Maintained
Good Mileage
No Major Engine Repair
No Major Body Repair",No Damage,No Damage,Deteriorated,No Damage,Worn Out,No Damage,No Damage,No Damage,No Damage,No Damage,No Damage,Heavy Damage,No Damage,No Damage,No Damage,No Damage,No Damage,Flickering,No Damage,50%,50%,50%,50%,With,80%,Good,Good,Good,Good,Good,Fabric,Rotary,Good,Functional/Original,Functional/Original,Damaged/Missing,Very Good,Good,No,No,No,,Standard Maneuverability,Standard Shield Response,Intact,No Leak,Above Minimum,Above Minimum,Dark Brown,Thick
Nebula Chaser,84K Lightyears,Graviton Drive,Galactic Care Plan,9 Crew Members,Dark Matter,SPC-1564,CR628K Credits,"₱190,879.00","₱31,010.00",Advanced Interstellar Features,Minor Scratches,Enhanced Propulsion,Reinforced Hull,Yes,Yes,Not Required,Cracked,Cracked,Cracked,Cracked,Intact,Intact,Damaged,Non-Operational,Non-Operational,Non-Operational,Non-Operational,Functional,Functional,96%,96%,96%,96%,96%,Requires Maintenance,Non-Operational,Non-Operational,Non-Operational,Non-Operational,Non-Operational,Damaged,Malfunctioning,Non-Operational,Damaged,Damaged,Operational,Optimal,Weak,Yes,None,Yes,Unknown Source,Enhanced Maneuverability,Advanced Shield Response,Intact,No Leak,Optimal,Maximum,Red,Thin
Quantum Specter,87K Lightyears,Ion Thruster,Interstellar Maintenance Agreement,10 Crew Members,Antimatter,SPC-3795,CR763K Credits,"₱391,260.00","₱47,669.00",Advanced Interstellar Features,Hull Dents,Enhanced Propulsion,Advanced Navigation Systems,Yes,Yes,Not Required,Cracked,Cracked,Cracked,Cracked,Minor Damage,Minor Damage,Functional,Non-Operational,Non-Operational,Non-Operational,Non-Operational,Functional,Functional,57%,57%,57%,57%,57%,Operational,Non-Operational,Non-Operational,Non-Operational,Non-Operational,Non-Operational,Damaged,Partially Functional,Non-Operational,Pristine,Pristine,Operational,Suboptimal,Optimal,Yes,Mild,Yes,Unknown Source,Advanced Maneuverability,Rapid Shield Response,Severe Damage,Minor Leak,Optimal,Low,Blue,Medium
Starblade Nova,41K Lightyears,Ion Thruster,Galactic Care Plan,3 Crew Members,Fusion Core,SPC-3281,CR408K Credits,"₱311,677.00","₱34,176.00",Enhanced Combat Features,None,None,Reinforced Hull,No,Yes,Not Required,Scratched,Scratched,Scratched,Scratched,Minor Damage,Minor Damage,Functional,Operational,Operational,Operational,Operational,Non-Functional,Non-Functional,68%,68%,68%,68%,68%,Non-Operational,Operational,Operational,Operational,Operational,Operational,Pristine,Fully Functional,Operational,Damaged,Damaged,Damaged,Suboptimal,Weak,Yes,Mild,No,,Standard Maneuverability,Advanced Shield Response,Intact,Minor Leak,Low,Optimal,Blue,Thin
Cosmic Crusader,120K Lightyears,Graviton Drive,Cosmic Shield Coverage,7 Crew Members,Solar Array,SPC-2753,CR694K Credits,"₱284,663.00","₱25,834.00",Standard Spacecraft Features,Minor Scratches,Weaponized Plasma Cannons,Advanced Navigation Systems,No,Yes,Not Required,Scratched,Scratched,Scratched,Scratched,Intact,Intact,Damaged,Non-Operational,Non-Operational,Non-Operational,Non-Operational,Functional,Functional,83%,83%,83%,83%,83%,Operational,Non-Operational,Non-Operational,Non-Operational,Non-Operational,Non-Operational,Pristine,Fully Functional,Non-Operational,Damaged,Damaged,Operational,Optimal,Weak,No,None,No,,Standard Maneuverability,Rapid Shield Response,Severe Damage,Minor Leak,Maximum,Maximum,Blue,Thick
Eclipse Hunter,132K Lightyears,Graviton Drive,Cosmic Shield Coverage,3 Crew Members,Antimatter,SPC-1095,CR751K Credits,"₱219,582.00","₱30,476.00",Advanced Interstellar Features,None,None,Advanced Navigation Systems,Yes,No,Required,Cracked,Cracked,Cracked,Cracked,Minor Damage,Minor Damage,Damaged,Non-Operational,Non-Operational,Non-Operational,Non-Operational,Functional,Functional,80%,80%,80%,80%,80%,Operational,Non-Operational,Non-Operational,Non-Operational,Non-Operational,Non-Operational,Worn,Malfunctioning,Non-Operational,Damaged,Damaged,Operational,Suboptimal,Optimal,No,None,Yes,Core Reactor,Enhanced Maneuverability,Advanced Shield Response,Severe Damage,Minor Leak,Optimal,Optimal,Yellow,Thin
Galactic Explorer,56K Lightyears,Ion Thruster,Galactic Care Plan,4 Crew Members,Antimatter,SPC-5351,CR497K Credits,"₱144,793.00","₱36,329.00",Standard Spacecraft Features,Plasma Burns,None,Advanced Navigation Systems,No,Yes,Not Required,Clear,Clear,Clear,Clear,Intact,Intact,Damaged,Operational,Operational,Operational,Operational,Non-Functional,Non-Functional,78%,78%,78%,78%,78%,Operational,Operational,Operational,Operational,Operational,Operational,Damaged,Partially Functional,Operational,Worn,Worn,Damaged,Suboptimal,Weak,No,Severe,No,,Standard Maneuverability,Advanced Shield Response,Severe Damage,Severe Leak,Maximum,Low,Yellow,Medium
Photon Comet,21K Lightyears,Photon Pulse,Cosmic Shield Coverage,5 Crew Members,Dark Matter,SPC-1959,CR273K Credits,"₱333,107.00","₱49,126.00",Advanced Interstellar Features,Plasma Burns,Weaponized Plasma Cannons,Advanced Navigation Systems,Yes,Yes,Not Required,Clear,Clear,Clear,Clear,Severe Damage,Severe Damage,Damaged,Non-Operational,Non-Operational,Non-Operational,Non-Operational,Functional,Functional,82%,82%,82%,82%,82%,Non-Operational,Non-Operational,Non-Operational,Non-Operational,Non-Operational,Non-Operational,Damaged,Malfunctioning,Non-Operational,Worn,Worn,Operational,Suboptimal,Weak,Yes,Mild,Yes,Core Reactor,Standard Maneuverability,Rapid Shield Response,Intact,No Leak,Low,Optimal,Blue,Thin
Astro Vortex,100K Lightyears,Ion Thruster,Cosmic Shield Coverage,6 Crew Members,Antimatter,SPC-9634,CR626K Credits,"₱253,965.00","₱42,409.00",Advanced Interstellar Features,Hull Dents,None,Reinforced Hull,Yes,Yes,Not Required,Clear,Clear,Clear,Clear,Severe Damage,Severe Damage,Damaged,Operational,Operational,Operational,Operational,Non-Functional,Non-Functional,62%,62%,62%,62%,62%,Requires Maintenance,Operational,Operational,Operational,Operational,Operational,Damaged,Malfunctioning,Operational,Damaged,Damaged,Damaged,Suboptimal,Optimal,Yes,None,No,,Advanced Maneuverability,Standard Shield Response,Intact,Severe Leak,Maximum,Low,Yellow,Thin
Celestial Harbinger,86K Lightyears,Photon Pulse,Galactic Care Plan,3 Crew Members,Antimatter,SPC-2592,CR457K Credits,"₱305,133.00","₱25,130.00",Standard Spacecraft Features,Plasma Burns,Upgraded Shielding,Reinforced Hull,No,No,Not Required,Cracked,Cracked,Cracked,Cracked,Intact,Intact,Damaged,Operational,Operational,Operational,Operational,Functional,Functional,71%,71%,71%,71%,71%,Operational,Operational,Operational,Operational,Operational,Operational,Damaged,Partially Functional,Operational,Damaged,Damaged,Operational,Optimal,Optimal,Yes,Severe,Yes,Core Reactor,Enhanced Maneuverability,Standard Shield Response,Severe Damage,Minor Leak,Optimal,Low,Red,Medium
Void Voyager,20K Lightyears,Quantum Slipstream,Interstellar Maintenance Agreement,9 Crew Members,Quantum Reactor,SPC-6370,CR804K Credits,"₱397,764.00","₱26,308.00",Enhanced Combat Features,Minor Scratches,Upgraded Shielding,Enhanced Shielding,Yes,Yes,Required,Cracked,Cracked,Cracked,Cracked,Intact,Intact,Damaged,Operational,Operational,Operational,Operational,Non-Functional,Non-Functional,66%,66%,66%,66%,66%,Non-Operational,Operational,Operational,Operational,Operational,Operational,Worn,Fully Functional,Operational,Worn,Worn,Operational,Optimal,Optimal,No,Mild,Yes,Core Reactor,Enhanced Maneuverability,Advanced Shield Response,Intact,Severe Leak,Optimal,Optimal,Green,Thick
Nebula Drifter,39K Lightyears,Graviton Drive,Interstellar Maintenance Agreement,9 Crew Members,Antimatter,SPC-8838,CR333K Credits,"₱103,151.00","₱26,771.00",Advanced Interstellar Features,Hull Dents,None,Reinforced Hull,No,Yes,Not Required,Clear,Clear,Clear,Clear,Severe Damage,Severe Damage,Functional,Operational,Operational,Operational,Operational,Functional,Functional,72%,72%,72%,72%,72%,Requires Maintenance,Operational,Operational,Operational,Operational,Operational,Pristine,Partially Functional,Operational,Pristine,Pristine,Damaged,Optimal,Weak,Yes,Mild,Yes,Core Reactor,Enhanced Maneuverability,Advanced Shield Response,Minor Damage,Minor Leak,Low,Optimal,Blue,Medium
Quantum Nomad,88K Lightyears,Graviton Drive,Galactic Care Plan,10 Crew Members,Antimatter,SPC-4945,CR570K Credits,"₱113,786.00","₱18,898.00",Standard Spacecraft Features,None,Upgraded Shielding,Enhanced Shielding,Yes,Yes,Not Required,Cracked,Cracked,Cracked,Cracked,Severe Damage,Severe Damage,Damaged,Operational,Operational,Operational,Operational,Non-Functional,Non-Functional,73%,73%,73%,73%,73%,Operational,Operational,Operational,Operational,Operational,Operational,Worn,Partially Functional,Operational,Worn,Worn,Operational,Suboptimal,Optimal,No,Mild,Yes,Core Reactor,Enhanced Maneuverability,Rapid Shield Response,Severe Damage,No Leak,Low,Optimal,Yellow,Medium
Starblade Sentinel,149K Lightyears,Ion Thruster,Galactic Care Plan,6 Crew Members,Antimatter,SPC-7272,CR570K Credits,"₱116,134.00","₱32,071.00",Advanced Interstellar Features,None,Weaponized Plasma Cannons,Enhanced Shielding,No,Yes,Not Required,Cracked,Cracked,Cracked,Cracked,Intact,Intact,Damaged,Operational,Operational,Operational,Operational,Functional,Functional,85%,85%,85%,85%,85%,Operational,Operational,Operational,Operational,Operational,Operational,Worn,Fully Functional,Operational,Worn,Worn,Damaged,Suboptimal,Optimal,Yes,Severe,No,,Advanced Maneuverability,Standard Shield Response,Intact,Minor Leak,Optimal,Maximum,Red,Medium
Cosmic Defender,48K Lightyears,Quantum Slipstream,Galactic Care Plan,4 Crew Members,Antimatter,SPC-5098,CR766K Credits,"₱242,131.00","₱14,785.00",Enhanced Combat Features,Minor Scratches,Upgraded Shielding,Reinforced Hull,No,No,Not Required,Clear,Clear,Clear,Clear,Intact,Intact,Damaged,Operational,Operational,Operational,Operational,Functional,Functional,76%,76%,76%,76%,76%,Requires Maintenance,Operational,Operational,Operational,Operational,Operational,Worn,Fully Functional,Operational,Damaged,Damaged,Operational,Suboptimal,Weak,No,Mild,Yes,Core Reactor,Enhanced Maneuverability,Rapid Shield Response,Intact,Severe Leak,Low,Low,Green,Thick
Eclipse Strider,39K Lightyears,Ion Thruster,Cosmic Shield Coverage,3 Crew Members,Quantum Reactor,SPC-4661,CR374K Credits,"₱398,335.00","₱25,753.00",Enhanced Combat Features,Hull Dents,Upgraded Shielding,Advanced Navigation Systems,Yes,Yes,Not Required,Clear,Clear,Clear,Clear,Intact,Intact,Functional,Operational,Operational,Operational,Operational,Functional,Functional,91%,91%,91%,91%,91%,Non-Operational,Operational,Operational,Operational,Operational,Operational,Pristine,Partially Functional,Operational,Damaged,Damaged,Damaged,Suboptimal,Optimal,Yes,None,Yes,Core Reactor,Advanced Maneuverability,Rapid Shield Response,Severe Damage,No Leak,Optimal,Optimal,Yellow,Thin
Galactic Nomad,32K Lightyears,Graviton Drive,Cosmic Shield Coverage,6 Crew Members,Fusion Core,SPC-7700,CR431K Credits,"₱170,583.00","₱42,080.00",Enhanced Combat Features,None,Weaponized Plasma Cannons,Advanced Navigation Systems,No,No,Not Required,Cracked,Cracked,Cracked,Cracked,Intact,Intact,Damaged,Non-Operational,Non-Operational,Non-Operational,Non-Operational,Functional,Functional,68%,68%,68%,68%,68%,Operational,Non-Operational,Non-Operational,Non-Operational,Non-Operational,Non-Operational,Worn,Malfunctioning,Non-Operational,Pristine,Pristine,Damaged,Optimal,Weak,No,Severe,No,,Enhanced Maneuverability,Standard Shield Response,Minor Damage,No Leak,Maximum,Low,Blue,Thin
Photon Arrow,30K Lightyears,Quantum Slipstream,Galactic Care Plan,6 Crew Members,Fusion Core,SPC-8248,CR802K Credits,"₱128,555.00","₱12,435.00",Enhanced Combat Features,Plasma Burns,Weaponized Plasma Cannons,Reinforced Hull,No,Yes,Required,Cracked,Cracked,Cracked,Cracked,Intact,Intact,Functional,Operational,Operational,Operational,Operational,Non-Functional,Non-Functional,71%,71%,71%,71%,71%,Requires Maintenance,Operational,Operational,Operational,Operational,Operational,Damaged,Malfunctioning,Operational,Damaged,Damaged,Operational,Optimal,Optimal,Yes,Severe,Yes,Core Reactor,Standard Maneuverability,Advanced Shield Response,Intact,Severe Leak,Optimal,Low,Yellow,Medium
Astro Titan,77K Lightyears,Quantum Slipstream,Interstellar Maintenance Agreement,7 Crew Members,Quantum Reactor,SPC-6702,CR861K Credits,"₱246,939.00","₱13,078.00",Advanced Interstellar Features,None,Weaponized Plasma Cannons,Advanced Navigation Systems,Yes,No,Required,Cracked,Cracked,Cracked,Cracked,Minor Damage,Minor Damage,Damaged,Non-Operational,Non-Operational,Non-Operational,Non-Operational,Non-Functional,Non-Functional,95%,95%,95%,95%,95%,Non-Operational,Non-Operational,Non-Operational,Non-Operational,Non-Operational,Non-Operational,Worn,Fully Functional,Non-Operational,Pristine,Pristine,Damaged,Suboptimal,Weak,No,Severe,No,,Enhanced Maneuverability,Standard Shield Response,Minor Damage,No Leak,Optimal,Maximum,Yellow,Thin
Celestial Guardian,57K Lightyears,Warp Drive,Galactic Care Plan,10 Crew Members,Dark Matter,SPC-3400,CR244K Credits,"₱225,012.00","₱40,721.00",Enhanced Combat Features,Minor Scratches,Enhanced Propulsion,Enhanced Shielding,Yes,No,Required,Cracked,Cracked,Cracked,Cracked,Severe Damage,Severe Damage,Functional,Non-Operational,Non-Operational,Non-Operational,Non-Operational,Functional,Functional,62%,62%,62%,62%,62%,Requires Maintenance,Non-Operational,Non-Operational,Non-Operational,Non-Operational,Non-Operational,Pristine,Malfunctioning,Non-Operational,Worn,Worn,Operational,Suboptimal,Weak,Yes,None,No,,Enhanced Maneuverability,Rapid Shield Response,Intact,Minor Leak,Low,Optimal,Blue,Thin
Void Seeker,147K Lightyears,Graviton Drive,Cosmic Shield Coverage,8 Crew Members,Solar Array,SPC-2257,CR232K Credits,"₱328,452.00","₱42,637.00",Advanced Interstellar Features,Hull Dents,Weaponized Plasma Cannons,Enhanced Shielding,Yes,Yes,Not Required,Clear,Clear,Clear,Clear,Severe Damage,Severe Damage,Functional,Operational,Operational,Operational,Operational,Functional,Functional,100%,100%,100%,100%,100%,Requires Maintenance,Operational,Operational,Operational,Operational,Operational,Pristine,Fully Functional,Operational,Worn,Worn,Damaged,Suboptimal,Weak,Yes,Severe,Yes,Unknown Source,Standard Maneuverability,Advanced Shield Response,Severe Damage,Minor Leak,Optimal,Maximum,Red,Thin
Nebula Glider,136K Lightyears,Quantum Slipstream,Galactic Care Plan,10 Crew Members,Dark Matter,SPC-1768,CR499K Credits,"₱177,571.00","₱17,688.00",Advanced Interstellar Features,Plasma Burns,None,Reinforced Hull,No,No,Required,Scratched,Scratched,Scratched,Scratched,Intact,Intact,Functional,Non-Operational,Non-Operational,Non-Operational,Non-Operational,Functional,Functional,76%,76%,76%,76%,76%,Non-Operational,Non-Operational,Non-Operational,Non-Operational,Non-Operational,Non-Operational,Damaged,Fully Functional,Non-Operational,Worn,Worn,Damaged,Optimal,Optimal,Yes,None,No,,Standard Maneuverability,Standard Shield Response,Severe Damage,Severe Leak,Maximum,Optimal,Red,Medium
Quantum Ranger,133K Lightyears,Graviton Drive,Interstellar Maintenance Agreement,10 Crew Members,Solar Array,SPC-2091,CR436K Credits,"₱366,861.00","₱49,769.00",Standard Spacecraft Features,Plasma Burns,None,Enhanced Shielding,No,No,Not Required,Scratched,Scratched,Scratched,Scratched,Minor Damage,Minor Damage,Functional,Operational,Operational,Operational,Operational,Non-Functional,Non-Functional,54%,54%,54%,54%,54%,Non-Operational,Operational,Operational,Operational,Operational,Operational,Worn,Fully Functional,Operational,Pristine,Pristine,Operational,Suboptimal,Optimal,No,None,No,,Enhanced Maneuverability,Standard Shield Response,Minor Damage,No Leak,Optimal,Maximum,Blue,Thin
Starblade Horizon,55K Lightyears,Photon Pulse,Galactic Care Plan,3 Crew Members,Fusion Core,SPC-9126,CR900K Credits,"₱311,946.00","₱40,599.00",Advanced Interstellar Features,Hull Dents,Upgraded Shielding,Advanced Navigation Systems,No,No,Not Required,Cracked,Cracked,Cracked,Cracked,Minor Damage,Minor Damage,Damaged,Operational,Operational,Operational,Operational,Non-Functional,Non-Functional,60%,60%,60%,60%,60%,Non-Operational,Operational,Operational,Operational,Operational,Operational,Worn,Fully Functional,Operational,Damaged,Damaged,Damaged,Optimal,Weak,Yes,Mild,No,,Standard Maneuverability,Rapid Shield Response,Intact,Severe Leak,Optimal,Low,Yellow,Medium
Cosmic Pioneer,13K Lightyears,Warp Drive,Interstellar Maintenance Agreement,4 Crew Members,Dark Matter,SPC-1775,CR890K Credits,"₱139,327.00","₱13,948.00",Advanced Interstellar Features,Plasma Burns,None,Enhanced Shielding,Yes,No,Required,Cracked,Cracked,Cracked,Cracked,Minor Damage,Minor Damage,Damaged,Operational,Operational,Operational,Operational,Non-Functional,Non-Functional,56%,56%,56%,56%,56%,Non-Operational,Operational,Operational,Operational,Operational,Operational,Worn,Malfunctioning,Operational,Worn,Worn,Operational,Optimal,Optimal,Yes,None,No,,Advanced Maneuverability,Advanced Shield Response,Minor Damage,Severe Leak,Maximum,Optimal,Yellow,Thin
Eclipse Charger,50K Lightyears,Quantum Slipstream,Interstellar Maintenance Agreement,4 Crew Members,Quantum Reactor,SPC-5137,CR465K Credits,"₱130,004.00","₱49,353.00",Advanced Interstellar Features,Hull Dents,Upgraded Shielding,Reinforced Hull,No,No,Not Required,Cracked,Cracked,Cracked,Cracked,Intact,Intact,Functional,Non-Operational,Non-Operational,Non-Operational,Non-Operational,Non-Functional,Non-Functional,50%,50%,50%,50%,50%,Operational,Non-Operational,Non-Operational,Non-Operational,Non-Operational,Non-Operational,Damaged,Fully Functional,Non-Operational,Worn,Worn,Operational,Suboptimal,Weak,Yes,None,No,,Enhanced Maneuverability,Advanced Shield Response,Severe Damage,Minor Leak,Low,Low,Yellow,Thick
Galactic Pathfinder,108K Lightyears,Ion Thruster,Cosmic Shield Coverage,4 Crew Members,Quantum Reactor,SPC-2724,CR646K Credits,"₱107,693.00","₱37,987.00",Standard Spacecraft Features,Hull Dents,Weaponized Plasma Cannons,Advanced Navigation Systems,No,Yes,Required,Clear,Clear,Clear,Clear,Minor Damage,Minor Damage,Functional,Operational,Operational,Operational,Operational,Functional,Functional,75%,75%,75%,75%,75%,Operational,Operational,Operational,Operational,Operational,Operational,Worn,Partially Functional,Operational,Worn,Worn,Operational,Suboptimal,Weak,No,Severe,Yes,Unknown Source,Standard Maneuverability,Standard Shield Response,Minor Damage,No Leak,Optimal,Maximum,Blue,Thin
